# ComputerBase — AMD Radeon RX 9070 (XT) im Test, Gaming-Benchmarks.
# Rasteriser charts, article pages 3, 4 and 5, at 2.560 × 1.440 and 3.840 × 2.160.
#
# THE WHOLE RASTERISER PARCOURS, not a sample. The file this replaces took four
# of the review's 23 games, to respect a per-source concentration cap that was
# removed on 2026-08-10 and replaced by measure-and-report. Taking the rest also
# dilutes Notebookcheck, which had grown to 87.7% of the corpus.
#
# Figures read from each bar's data-value attribute — transcribed, never
# estimated off an image. Average and P1 (their 1% percentile). Extracted by
# src/lib/perfEngine/computerbase.js, whose output was verified by re-deriving
# the 160 rows previously committed from this review: all 160 matched exactly.
#
# Presets are ComputerBase's own, read per game off the settings table on the
# article's first page ("Kino-Preset", "Grafik-Priorisieren-Preset", …). Never
# inferred. Upscaling is per CHART, because it varies by resolution within one
# game, and it is now part of the cell key.
#
# NOT imported from this review, on purpose:
#   - the 3.440 × 1.440 charts: 21:9 ultrawide is 34% more pixels than 16:9 at
#     the same height, and RESOLUTIONS has no slot for it. Filing it under
#     1440p would assert a pixel count nobody measured.
#   - every RAY-TRACED chart. RT is a materially different setting and the cell
#     key has no slot for it, so filing it beside its rasteriser twin would mix
#     two measurements. Indiana Jones und der große Kreis and Star Wars Outlaws
#     are measured ONLY with RT, so this review yields nothing for them.
#   - Lego: Horizon Adventures: run at "70 % TSR", which is not one of the
#     named UPSCALING modes. Calling it Quality (66.7%) would misstate it.
#   - Arc B570: no catalogue part.
#   - the "Full HD:" settings noted in the table: 1080p is not imported here.
#   - any cell with an average but no P1 lands with no low, never an invented one.

outlet:    ComputerBase
title:     AMD Radeon RX 9070 (XT) im Test
url:       https://www.computerbase.de/artikel/grafikkarten/amd-radeon-rx-9070-xt-rx-9070-test.91578/
published: 2025-03-05
kind:      gpu-scaling
cpu:       cpu-ryzen-7-9800x3d
ram:       DDR5 6000 48 2
os:        Windows 11 24H2
driver:    AMD Adrenalin 24.20.19.05 / RX 9070 24.30.31.03; NVIDIA 566.14 / RTX 50 572.02-572.50
scene:     ComputerBase in-game test sequence (exact scene not stated in the article)

game                        res    preset                  up             part                  avg     low
black-myth-wukong           1440p  kino                    quality        gpu-rtx-5090          71.6    61.7
black-myth-wukong           1440p  kino                    quality        gpu-rtx-4090          65.6    54.3
black-myth-wukong           1440p  kino                    quality        gpu-rtx-5080          54.7    47.3
black-myth-wukong           1440p  kino                    quality        gpu-rtx-4080-super    54.2    47
black-myth-wukong           1440p  kino                    quality        gpu-rtx-5070ti        48.9    41.8
black-myth-wukong           1440p  kino                    quality        gpu-rtx-4070ti-super  47.8    41.2
black-myth-wukong           1440p  kino                    quality        gpu-rx-9070xt         45.3    39.3
black-myth-wukong           1440p  kino                    quality        gpu-rx-7900xtx        44.4    38.8
black-myth-wukong           1440p  kino                    quality        gpu-rtx-5070          43.2    35.9
black-myth-wukong           1440p  kino                    quality        gpu-rtx-4070-super    41.5    35.9
black-myth-wukong           1440p  kino                    quality        gpu-rx-9070           40.1    34.5
black-myth-wukong           1440p  kino                    quality        gpu-rx-7900xt         39.8    34.6
black-myth-wukong           1440p  kino                    quality        gpu-rtx-3080          36.2    30.7
black-myth-wukong           1440p  kino                    quality        gpu-rtx-4070          35.3    29
black-myth-wukong           1440p  kino                    quality        gpu-rx-7900-gre       32.1    28.4
black-myth-wukong           1440p  kino                    quality        gpu-rx-7800xt         29.3    25.9
black-myth-wukong           1440p  kino                    quality        gpu-rtx-4060ti        28.2    24.3
black-myth-wukong           1440p  kino                    quality        gpu-rx-6800-xt        27.2    23.2
black-myth-wukong           1440p  kino                    quality        gpu-rx-7700xt         26.4    23.6
black-myth-wukong           1440p  kino                    quality        gpu-rtx-3060-ti       24.5    21.2
black-myth-wukong           1440p  kino                    quality        gpu-rtx-4060          22.1    19.5
black-myth-wukong           1440p  kino                    quality        gpu-rx-6700-xt        19.5    16.7
black-myth-wukong           1440p  kino                    quality        gpu-intel-arc-a770    19.1    16.8
black-myth-wukong           1440p  kino                    quality        gpu-intel-arc-b580    18.6    16.7
black-myth-wukong           1440p  kino                    quality        gpu-rx-7600           18.5    16.1
black-myth-wukong           4k     kino                    quality        gpu-rtx-5090          59.6    52.6
black-myth-wukong           4k     kino                    quality        gpu-rtx-4090          52.5    45.5
black-myth-wukong           4k     kino                    quality        gpu-rtx-5080          41.5    35.3
black-myth-wukong           4k     kino                    quality        gpu-rtx-4080-super    40.6    35.1
black-myth-wukong           4k     kino                    quality        gpu-rtx-5070ti        37.3    32.4
black-myth-wukong           4k     kino                    quality        gpu-rtx-4070ti-super  35.5    30.5
black-myth-wukong           4k     kino                    quality        gpu-rx-7900xtx        33.7    29
black-myth-wukong           4k     kino                    quality        gpu-rx-9070xt         33.4    29
black-myth-wukong           4k     kino                    quality        gpu-rtx-4070-super    30.6    26.7
black-myth-wukong           4k     kino                    quality        gpu-rtx-5070          30.2    25.9
black-myth-wukong           4k     kino                    quality        gpu-rx-7900xt         29.7    26
black-myth-wukong           4k     kino                    quality        gpu-rx-9070           29.5    25.5
black-myth-wukong           4k     kino                    quality        gpu-rtx-4070          25.8    22.1
black-myth-wukong           4k     kino                    quality        gpu-rx-7900-gre       24      21.3
black-myth-wukong           4k     kino                    quality        gpu-rx-7800xt         21.8    19.2
cod-black-ops-6             1440p  extrem                  native         gpu-rtx-5090          156.5   107.7
cod-black-ops-6             1440p  extrem                  native         gpu-rtx-4090          133.5   93.7
cod-black-ops-6             1440p  extrem                  native         gpu-rx-7900xtx        110.5   83.5
cod-black-ops-6             1440p  extrem                  native         gpu-rx-9070xt         108     84.9
cod-black-ops-6             1440p  extrem                  native         gpu-rtx-5080          103.2   85.7
cod-black-ops-6             1440p  extrem                  native         gpu-rtx-4080-super    100.1   83.9
cod-black-ops-6             1440p  extrem                  native         gpu-rx-9070           93.8    79.8
cod-black-ops-6             1440p  extrem                  native         gpu-rx-7900xt         93.7    78
cod-black-ops-6             1440p  extrem                  native         gpu-rtx-5070ti        89.8    73.2
cod-black-ops-6             1440p  extrem                  native         gpu-rtx-4070ti-super  87.3    70.4
cod-black-ops-6             1440p  extrem                  native         gpu-rx-7900-gre       77.3    65.4
cod-black-ops-6             1440p  extrem                  native         gpu-rtx-4070-super    77      65.2
cod-black-ops-6             1440p  extrem                  native         gpu-rx-7800xt         76.4    64.8
cod-black-ops-6             1440p  extrem                  native         gpu-rx-6800-xt        69.8    58.5
cod-black-ops-6             1440p  extrem                  native         gpu-rtx-5070          69.5    61.4
cod-black-ops-6             1440p  extrem                  native         gpu-rtx-4070          66.6    59
cod-black-ops-6             1440p  extrem                  native         gpu-rtx-3080          64.8    58.4
cod-black-ops-6             1440p  extrem                  native         gpu-rx-7700xt         63.6    55.5
cod-black-ops-6             1440p  extrem                  native         gpu-rtx-4060ti        50.5    45
cod-black-ops-6             1440p  extrem                  native         gpu-rx-6700-xt        49      41.5
cod-black-ops-6             1440p  extrem                  native         gpu-rtx-3060-ti       42.8    38.7
cod-black-ops-6             1440p  extrem                  native         gpu-intel-arc-b580    41.5    36.5
cod-black-ops-6             1440p  extrem                  native         gpu-rx-7600           41.1    36.9
cod-black-ops-6             1440p  extrem                  native         gpu-rtx-4060          40      35.2
cod-black-ops-6             1440p  extrem                  native         gpu-intel-arc-a770    32.8    28
cod-black-ops-6             4k     extrem                  native         gpu-rtx-5090          93.2    73.6
cod-black-ops-6             4k     extrem                  native         gpu-rtx-4090          78.1    64.8
cod-black-ops-6             4k     extrem                  native         gpu-rx-7900xtx        61.2    52.2
cod-black-ops-6             4k     extrem                  native         gpu-rx-9070xt         57.6    51.3
cod-black-ops-6             4k     extrem                  native         gpu-rtx-5080          56.2    47.4
cod-black-ops-6             4k     extrem                  native         gpu-rtx-4080-super    55.1    47
cod-black-ops-6             4k     extrem                  native         gpu-rx-7900xt         50.9    42.6
cod-black-ops-6             4k     extrem                  native         gpu-rx-9070           49.9    44.8
cod-black-ops-6             4k     extrem                  native         gpu-rtx-4070ti-super  47.6    41.6
cod-black-ops-6             4k     extrem                  native         gpu-rtx-5070ti        46.2    41.3
cod-black-ops-6             4k     extrem                  native         gpu-rx-7900-gre       42.8    38.3
cod-black-ops-6             4k     extrem                  native         gpu-rtx-4070-super    41.4    37.7
cod-black-ops-6             4k     extrem                  native         gpu-rx-7800xt         40.3    35
cod-black-ops-6             4k     extrem                  native         gpu-rtx-5070          36.8    33.4
cod-black-ops-6             4k     extrem                  native         gpu-rtx-4070          35      31.6
dragon-age-veilguard        1440p  ultra                   quality        gpu-rtx-5090          144     109.9
dragon-age-veilguard        1440p  ultra                   quality        gpu-rtx-4090          119.5   95.5
dragon-age-veilguard        1440p  ultra                   quality        gpu-rtx-5080          99.8    77.7
dragon-age-veilguard        1440p  ultra                   quality        gpu-rtx-4080-super    92.7    71.8
dragon-age-veilguard        1440p  ultra                   quality        gpu-rtx-5070ti        89.7    69.9
dragon-age-veilguard        1440p  ultra                   quality        gpu-rtx-4070ti-super  81.7    66.2
dragon-age-veilguard        1440p  ultra                   quality        gpu-rx-7900xtx        81.1    67.6
dragon-age-veilguard        1440p  ultra                   quality        gpu-rx-9070xt         80.6    68.5
dragon-age-veilguard        1440p  ultra                   quality        gpu-rx-7900xt         72.2    60.6
dragon-age-veilguard        1440p  ultra                   quality        gpu-rx-9070           70.3    60.6
dragon-age-veilguard        1440p  ultra                   quality        gpu-rtx-5070          68.7    57.6
dragon-age-veilguard        1440p  ultra                   quality        gpu-rtx-4070-super    68.3    56.4
dragon-age-veilguard        1440p  ultra                   quality        gpu-rx-7900-gre       58.7    49.9
dragon-age-veilguard        1440p  ultra                   quality        gpu-rtx-4070          58.5    50.5
dragon-age-veilguard        1440p  ultra                   quality        gpu-rx-7800xt         53.2    45.5
dragon-age-veilguard        1440p  ultra                   quality        gpu-rtx-3080          51.1    40.8
dragon-age-veilguard        1440p  ultra                   quality        gpu-rx-6800-xt        48.5    42.6
dragon-age-veilguard        1440p  ultra                   quality        gpu-rx-7700xt         40.4    33.8
dragon-age-veilguard        1440p  ultra                   quality        gpu-rx-6700-xt        33.6    30
dragon-age-veilguard        1440p  ultra                   quality        gpu-intel-arc-a770    31.6    27.9
dragon-age-veilguard        1440p  ultra                   quality        gpu-intel-arc-b580    17.5    12.6
dragon-age-veilguard        1440p  ultra                   quality        gpu-rtx-3060-ti       17.4    15.2
dragon-age-veilguard        1440p  ultra                   quality        gpu-rtx-4060ti        17.4    14.4
dragon-age-veilguard        1440p  ultra                   quality        gpu-rtx-4060          15      13.2
dragon-age-veilguard        1440p  ultra                   quality        gpu-rx-7600           8.9     7.4
dragon-age-veilguard        4k     ultra                   quality        gpu-rtx-5090          102.3   83.7
dragon-age-veilguard        4k     ultra                   quality        gpu-rtx-4090          83      70
dragon-age-veilguard        4k     ultra                   quality        gpu-rtx-5080          68.6    56.8
dragon-age-veilguard        4k     ultra                   quality        gpu-rtx-4080-super    62.5    54.2
dragon-age-veilguard        4k     ultra                   quality        gpu-rtx-5070ti        58.2    49.4
dragon-age-veilguard        4k     ultra                   quality        gpu-rx-7900xtx        55.6    49
dragon-age-veilguard        4k     ultra                   quality        gpu-rtx-4070ti-super  54.3    45.2
dragon-age-veilguard        4k     ultra                   quality        gpu-rx-9070xt         53.1    46.4
dragon-age-veilguard        4k     ultra                   quality        gpu-rx-7900xt         48.1    42.6
dragon-age-veilguard        4k     ultra                   quality        gpu-rx-9070           46.2    40.3
dragon-age-veilguard        4k     ultra                   quality        gpu-rtx-4070-super    43.5    36.9
dragon-age-veilguard        4k     ultra                   quality        gpu-rx-7900-gre       39.7    34.7
dragon-age-veilguard        4k     ultra                   quality        gpu-rtx-5070          37.2    32.6
dragon-age-veilguard        4k     ultra                   quality        gpu-rtx-4070          36.2    31.6
dragon-age-veilguard        4k     ultra                   quality        gpu-rx-7800xt         35.5    31.9
dragons-dogma-2             1440p  grafik-priorisieren     native         gpu-rtx-5090          134.8   99.9
dragons-dogma-2             1440p  grafik-priorisieren     native         gpu-rtx-4090          122.2   99.2
dragons-dogma-2             1440p  grafik-priorisieren     native         gpu-rtx-5080          106     90.7
dragons-dogma-2             1440p  grafik-priorisieren     native         gpu-rtx-4080-super    98.5    88.2
dragons-dogma-2             1440p  grafik-priorisieren     native         gpu-rtx-5070ti        91.2    82.6
dragons-dogma-2             1440p  grafik-priorisieren     native         gpu-rx-7900xtx        86.7    76.5
dragons-dogma-2             1440p  grafik-priorisieren     native         gpu-rx-9070xt         86.4    76.7
dragons-dogma-2             1440p  grafik-priorisieren     native         gpu-rtx-4070ti-super  82.3    73.7
dragons-dogma-2             1440p  grafik-priorisieren     native         gpu-rx-9070           77.8    69.5
dragons-dogma-2             1440p  grafik-priorisieren     native         gpu-rx-7900xt         77.1    69.6
dragons-dogma-2             1440p  grafik-priorisieren     native         gpu-rtx-5070          73.1    65.7
dragons-dogma-2             1440p  grafik-priorisieren     native         gpu-rtx-4070-super    69.8    64.6
dragons-dogma-2             1440p  grafik-priorisieren     native         gpu-rtx-4070          61      55.3
dragons-dogma-2             1440p  grafik-priorisieren     native         gpu-rtx-3080          60.7    56
dragons-dogma-2             1440p  grafik-priorisieren     native         gpu-rx-7900-gre       60.1    54.4
dragons-dogma-2             1440p  grafik-priorisieren     native         gpu-rx-7800xt         56.6    50.9
dragons-dogma-2             1440p  grafik-priorisieren     native         gpu-rx-6800-xt        49.9    45
dragons-dogma-2             1440p  grafik-priorisieren     native         gpu-rx-7700xt         46.6    42.4
dragons-dogma-2             1440p  grafik-priorisieren     native         gpu-rtx-4060ti        44.2    41
dragons-dogma-2             1440p  grafik-priorisieren     native         gpu-rtx-3060-ti       40.3    38.4
dragons-dogma-2             1440p  grafik-priorisieren     native         gpu-rtx-4060          36.9    33
dragons-dogma-2             1440p  grafik-priorisieren     native         gpu-rx-6700-xt        35.7    32.1
dragons-dogma-2             1440p  grafik-priorisieren     native         gpu-intel-arc-b580    34.2    30.8
dragons-dogma-2             1440p  grafik-priorisieren     native         gpu-rx-7600           31.6    28.8
dragons-dogma-2             1440p  grafik-priorisieren     native         gpu-intel-arc-a770    30.9    27.8
dragons-dogma-2             4k     grafik-priorisieren     native         gpu-rtx-5090          105.5   91.2
dragons-dogma-2             4k     grafik-priorisieren     native         gpu-rtx-4090          85.7    78.6
dragons-dogma-2             4k     grafik-priorisieren     native         gpu-rtx-5080          72.5    65.8
dragons-dogma-2             4k     grafik-priorisieren     native         gpu-rtx-4080-super    64.1    59.2
dragons-dogma-2             4k     grafik-priorisieren     native         gpu-rtx-5070ti        62.3    57.4
dragons-dogma-2             4k     grafik-priorisieren     native         gpu-rx-7900xtx        60.2    54.7
dragons-dogma-2             4k     grafik-priorisieren     native         gpu-rx-9070xt         57      52.7
dragons-dogma-2             4k     grafik-priorisieren     native         gpu-rtx-4070ti-super  54.7    51.1
dragons-dogma-2             4k     grafik-priorisieren     native         gpu-rx-9070           52.9    48.2
dragons-dogma-2             4k     grafik-priorisieren     native         gpu-rx-7900xt         50.5    46.9
dragons-dogma-2             4k     grafik-priorisieren     native         gpu-rtx-5070          50.2    46.4
dragons-dogma-2             4k     grafik-priorisieren     native         gpu-rtx-4070-super    44.8    42.5
dragons-dogma-2             4k     grafik-priorisieren     native         gpu-rx-7900-gre       40.3    37.4
dragons-dogma-2             4k     grafik-priorisieren     native         gpu-rtx-4070          38.7    35.9
dragons-dogma-2             4k     grafik-priorisieren     native         gpu-rx-7800xt         36.8    33.8
empire-of-the-ants          1440p  hoch                    ultra-quality  gpu-rtx-5090          136.1   103
empire-of-the-ants          1440p  hoch                    ultra-quality  gpu-rtx-4090          114.6   99.7
empire-of-the-ants          1440p  hoch                    ultra-quality  gpu-rx-7900xtx        102.1   90.9
empire-of-the-ants          1440p  hoch                    ultra-quality  gpu-rtx-5080          99.2    84.6
empire-of-the-ants          1440p  hoch                    ultra-quality  gpu-rx-9070xt         98.3    87.1
empire-of-the-ants          1440p  hoch                    ultra-quality  gpu-rx-7900xt         92.1    81.7
empire-of-the-ants          1440p  hoch                    ultra-quality  gpu-rtx-4080-super    91.5    82.7
empire-of-the-ants          1440p  hoch                    ultra-quality  gpu-rtx-5070ti        90.4    77
empire-of-the-ants          1440p  hoch                    ultra-quality  gpu-rx-9070           86.8    76.3
empire-of-the-ants          1440p  hoch                    ultra-quality  gpu-rtx-4070ti-super  81.2    73.8
empire-of-the-ants          1440p  hoch                    ultra-quality  gpu-rx-7900-gre       75.3    67.3
empire-of-the-ants          1440p  hoch                    ultra-quality  gpu-rtx-5070          70.8    61.8
empire-of-the-ants          1440p  hoch                    ultra-quality  gpu-rtx-4070-super    70.5    64.5
empire-of-the-ants          1440p  hoch                    ultra-quality  gpu-rx-7800xt         70.3    62.9
empire-of-the-ants          1440p  hoch                    ultra-quality  gpu-rx-6800-xt        66.7    59.6
empire-of-the-ants          1440p  hoch                    ultra-quality  gpu-rtx-3080          64      55.9
empire-of-the-ants          1440p  hoch                    ultra-quality  gpu-rx-7700xt         61.5    55.3
empire-of-the-ants          1440p  hoch                    ultra-quality  gpu-rtx-4070          60.8    55.3
empire-of-the-ants          1440p  hoch                    ultra-quality  gpu-rtx-4060ti        46.9    42.5
empire-of-the-ants          1440p  hoch                    ultra-quality  gpu-rx-6700-xt        46.7    42.1
empire-of-the-ants          1440p  hoch                    ultra-quality  gpu-rtx-3060-ti       41      35.5
empire-of-the-ants          1440p  hoch                    ultra-quality  gpu-rx-7600           39.6    35.9
empire-of-the-ants          1440p  hoch                    ultra-quality  gpu-intel-arc-b580    37.6    32.6
empire-of-the-ants          1440p  hoch                    ultra-quality  gpu-rtx-4060          37.3    33.2
empire-of-the-ants          1440p  hoch                    ultra-quality  gpu-intel-arc-a770    31.5    27.2
empire-of-the-ants          4k     hoch                    ultra-quality  gpu-rtx-5090          87.4    74
empire-of-the-ants          4k     hoch                    ultra-quality  gpu-rtx-4090          68.5    63.4
empire-of-the-ants          4k     hoch                    ultra-quality  gpu-rx-7900xtx        57.9    51.6
empire-of-the-ants          4k     hoch                    ultra-quality  gpu-rtx-5080          57.1    49.7
empire-of-the-ants          4k     hoch                    ultra-quality  gpu-rx-9070xt         53.9    47.8
empire-of-the-ants          4k     hoch                    ultra-quality  gpu-rtx-4080-super    51.9    47.7
empire-of-the-ants          4k     hoch                    ultra-quality  gpu-rtx-5070ti        50.4    44.9
empire-of-the-ants          4k     hoch                    ultra-quality  gpu-rx-7900xt         49.8    44.7
empire-of-the-ants          4k     hoch                    ultra-quality  gpu-rx-9070           46.3    41.5
empire-of-the-ants          4k     hoch                    ultra-quality  gpu-rtx-4070ti-super  45.3    41
empire-of-the-ants          4k     hoch                    ultra-quality  gpu-rx-7900-gre       41.8    38
empire-of-the-ants          4k     hoch                    ultra-quality  gpu-rtx-5070          37.7    32.7
empire-of-the-ants          4k     hoch                    ultra-quality  gpu-rtx-4070-super    37.4    33.8
empire-of-the-ants          4k     hoch                    ultra-quality  gpu-rx-7800xt         36.9    33.5
empire-of-the-ants          4k     hoch                    ultra-quality  gpu-rtx-4070          32      28.9
f1-24                       1440p  ultrahoch               native         gpu-rtx-5090          352.4   271
f1-24                       1440p  ultrahoch               native         gpu-rtx-4090          308.6   228.9
f1-24                       1440p  ultrahoch               native         gpu-rtx-5080          263.6   200.4
f1-24                       1440p  ultrahoch               native         gpu-rtx-4080-super    247.1   178.9
f1-24                       1440p  ultrahoch               native         gpu-rx-9070xt         242.9   207.6
f1-24                       1440p  ultrahoch               native         gpu-rtx-5070ti        242.4   192.8
f1-24                       1440p  ultrahoch               native         gpu-rx-7900xtx        240.6   216.1
f1-24                       1440p  ultrahoch               native         gpu-rx-7900xt         228.9   196.6
f1-24                       1440p  ultrahoch               native         gpu-rx-9070           216.5   188.6
f1-24                       1440p  ultrahoch               native         gpu-rtx-4070ti-super  214.8   154.5
f1-24                       1440p  ultrahoch               native         gpu-rtx-5070          198.1   166.2
f1-24                       1440p  ultrahoch               native         gpu-rtx-4070-super    188.2   141.2
f1-24                       1440p  ultrahoch               native         gpu-rx-7900-gre       182.4   166.6
f1-24                       1440p  ultrahoch               native         gpu-rx-7800xt         181.6   158.7
f1-24                       1440p  ultrahoch               native         gpu-rx-6800-xt        165.6   147.7
f1-24                       1440p  ultrahoch               native         gpu-rtx-3080          165.1   143.1
f1-24                       1440p  ultrahoch               native         gpu-rtx-4070          164     125.1
f1-24                       1440p  ultrahoch               native         gpu-rx-7700xt         152.5   132.9
f1-24                       1440p  ultrahoch               native         gpu-rtx-4060ti        119.3   110.8
f1-24                       1440p  ultrahoch               native         gpu-rx-6700-xt        119.3   109.9
f1-24                       1440p  ultrahoch               native         gpu-intel-arc-b580    114.4   100.3
f1-24                       1440p  ultrahoch               native         gpu-rx-7600           111.4   91.2
f1-24                       1440p  ultrahoch               native         gpu-rtx-3060-ti       109.4   96
f1-24                       1440p  ultrahoch               native         gpu-rtx-4060          95.2    87.5
f1-24                       1440p  ultrahoch               native         gpu-intel-arc-a770    91.3    83.6
f1-24                       4k     ultrahoch               native         gpu-rtx-5090          249.3   198.3
f1-24                       4k     ultrahoch               native         gpu-rtx-4090          198     154.8
f1-24                       4k     ultrahoch               native         gpu-rtx-5080          175.4   130.6
f1-24                       4k     ultrahoch               native         gpu-rx-7900xtx        157.7   136.1
f1-24                       4k     ultrahoch               native         gpu-rtx-5070ti        149.8   128.2
f1-24                       4k     ultrahoch               native         gpu-rtx-4080-super    148.1   124.6
f1-24                       4k     ultrahoch               native         gpu-rx-9070xt         141.7   123.9
f1-24                       4k     ultrahoch               native         gpu-rx-7900xt         132.9   116.7
f1-24                       4k     ultrahoch               native         gpu-rtx-4070ti-super  126.9   110.6
f1-24                       4k     ultrahoch               native         gpu-rx-9070           122.7   107.3
f1-24                       4k     ultrahoch               native         gpu-rtx-5070          115.8   98.7
f1-24                       4k     ultrahoch               native         gpu-rx-7900-gre       115     100.8
f1-24                       4k     ultrahoch               native         gpu-rtx-4070-super    108.4   94.3
f1-24                       4k     ultrahoch               native         gpu-rx-7800xt         100.7   88
f1-24                       4k     ultrahoch               native         gpu-rtx-4070          89.8    79.3
final-fantasy-16            1440p  ultra                   quality        gpu-rtx-5090          111.4   82
final-fantasy-16            1440p  ultra                   quality        gpu-rtx-4090          96.4    71
final-fantasy-16            1440p  ultra                   quality        gpu-rtx-5080          83.4    62.1
final-fantasy-16            1440p  ultra                   quality        gpu-rx-7900xtx        77.7    61.2
final-fantasy-16            1440p  ultra                   quality        gpu-rx-7900xt         74      58.2
final-fantasy-16            1440p  ultra                   quality        gpu-rtx-4080-super    73      57.7
final-fantasy-16            1440p  ultra                   quality        gpu-rtx-5070ti        70.9    54
final-fantasy-16            1440p  ultra                   quality        gpu-rx-9070xt         69      55.4
final-fantasy-16            1440p  ultra                   quality        gpu-rtx-4070ti-super  67.1    50.8
final-fantasy-16            1440p  ultra                   quality        gpu-rx-9070           60.8    49.5
final-fantasy-16            1440p  ultra                   quality        gpu-rtx-5070          56.9    40.5
final-fantasy-16            1440p  ultra                   quality        gpu-rtx-4070-super    55.3    42.2
final-fantasy-16            1440p  ultra                   quality        gpu-rx-7900-gre       51.8    40.9
final-fantasy-16            1440p  ultra                   quality        gpu-rx-7800xt         51.4    40.7
final-fantasy-16            1440p  ultra                   quality        gpu-rtx-3080          50.5    42.4
final-fantasy-16            1440p  ultra                   quality        gpu-rx-6800-xt        50.2    39.1
final-fantasy-16            1440p  ultra                   quality        gpu-rtx-4070          50      38.4
final-fantasy-16            1440p  ultra                   quality        gpu-rx-7700xt         45.5    37.5
final-fantasy-16            1440p  ultra                   quality        gpu-rx-6700-xt        37.5    30
final-fantasy-16            1440p  ultra                   quality        gpu-rtx-4060ti        37      28.4
final-fantasy-16            1440p  ultra                   quality        gpu-rtx-3060-ti       36.9    27.4
final-fantasy-16            1440p  ultra                   quality        gpu-rtx-4060          34.3    25.4
final-fantasy-16            1440p  ultra                   quality        gpu-intel-arc-b580    31.2    21.8
final-fantasy-16            1440p  ultra                   quality        gpu-rx-7600           28.9    21.5
final-fantasy-16            1440p  ultra                   quality        gpu-intel-arc-a770    22.8    17.1
final-fantasy-16            4k     ultra                   quality        gpu-rtx-5090          82.8    60.2
final-fantasy-16            4k     ultra                   quality        gpu-rtx-4090          74.2    55.9
final-fantasy-16            4k     ultra                   quality        gpu-rx-7900xtx        57.2    46.7
final-fantasy-16            4k     ultra                   quality        gpu-rtx-5080          54.7    41.5
final-fantasy-16            4k     ultra                   quality        gpu-rtx-5070ti        51.7    40.1
final-fantasy-16            4k     ultra                   quality        gpu-rtx-4080-super    51.5    39.9
final-fantasy-16            4k     ultra                   quality        gpu-rx-9070xt         50      40.6
final-fantasy-16            4k     ultra                   quality        gpu-rtx-4070ti-super  48.8    38.9
final-fantasy-16            4k     ultra                   quality        gpu-rx-7900xt         48.7    39.9
final-fantasy-16            4k     ultra                   quality        gpu-rx-9070           45.4    37.4
final-fantasy-16            4k     ultra                   quality        gpu-rtx-5070          42.5    35.6
final-fantasy-16            4k     ultra                   quality        gpu-rtx-4070-super    40.5    34.5
final-fantasy-16            4k     ultra                   quality        gpu-rx-7900-gre       36.8    29.8
final-fantasy-16            4k     ultra                   quality        gpu-rtx-4070          34.8    28.8
final-fantasy-16            4k     ultra                   quality        gpu-rx-7800xt         34      27.4
frostpunk-2                 1440p  ultra-high              native         gpu-rtx-5090          97.5    80.8
frostpunk-2                 1440p  ultra-high              native         gpu-rtx-4090          81.4    64.9
frostpunk-2                 1440p  ultra-high              native         gpu-rtx-5080          75.8    62
frostpunk-2                 1440p  ultra-high              native         gpu-rtx-4080-super    69.6    57.1
frostpunk-2                 1440p  ultra-high              native         gpu-rtx-5070ti        67.7    55.9
frostpunk-2                 1440p  ultra-high              native         gpu-rx-7900xtx        63.1    56.2
frostpunk-2                 1440p  ultra-high              native         gpu-rtx-4070ti-super  59.1    50.7
frostpunk-2                 1440p  ultra-high              native         gpu-rx-9070xt         55.5    51.4
frostpunk-2                 1440p  ultra-high              native         gpu-rx-7900xt         54.5    50.3
frostpunk-2                 1440p  ultra-high              native         gpu-rtx-5070          52.6    42.7
frostpunk-2                 1440p  ultra-high              native         gpu-rtx-4070-super    51.4    43.1
frostpunk-2                 1440p  ultra-high              native         gpu-rx-9070           49.2    46
frostpunk-2                 1440p  ultra-high              native         gpu-rtx-3080          45.9    39.5
frostpunk-2                 1440p  ultra-high              native         gpu-rx-7900-gre       45.9    42.8
frostpunk-2                 1440p  ultra-high              native         gpu-rtx-4070          43.3    36.9
frostpunk-2                 1440p  ultra-high              native         gpu-rx-7800xt         42.9    40.1
frostpunk-2                 1440p  ultra-high              native         gpu-rx-7700xt         34.9    32.8
frostpunk-2                 1440p  ultra-high              native         gpu-rx-6800-xt        34.7    32.1
frostpunk-2                 1440p  ultra-high              native         gpu-rtx-4060ti        33.3    28.3
frostpunk-2                 1440p  ultra-high              native         gpu-rtx-3060-ti       32.7    27.6
frostpunk-2                 1440p  ultra-high              native         gpu-intel-arc-b580    27.5    26.1
frostpunk-2                 1440p  ultra-high              native         gpu-rtx-4060          27.3    20.9
frostpunk-2                 1440p  ultra-high              native         gpu-rx-6700-xt        24.9    23.4
frostpunk-2                 1440p  ultra-high              native         gpu-intel-arc-a770    24      22.1
frostpunk-2                 1440p  ultra-high              native         gpu-rx-7600           22.1    19.7
frostpunk-2                 4k     ultra-high              native         gpu-rtx-5090          63.1    57.2
frostpunk-2                 4k     ultra-high              native         gpu-rtx-4090          48.6    43
frostpunk-2                 4k     ultra-high              native         gpu-rtx-5080          42.3    34
frostpunk-2                 4k     ultra-high              native         gpu-rtx-4080-super    36.6    33.2
frostpunk-2                 4k     ultra-high              native         gpu-rtx-5070ti        36.1    29.4
frostpunk-2                 4k     ultra-high              native         gpu-rx-7900xtx        36      34
frostpunk-2                 4k     ultra-high              native         gpu-rtx-4070ti-super  31.4    28.7
frostpunk-2                 4k     ultra-high              native         gpu-rx-9070xt         30.2    28.6
frostpunk-2                 4k     ultra-high              native         gpu-rx-7900xt         29.8    28.4
frostpunk-2                 4k     ultra-high              native         gpu-rtx-5070          27.2    23.5
frostpunk-2                 4k     ultra-high              native         gpu-rx-9070           26.3    25.1
frostpunk-2                 4k     ultra-high              native         gpu-rx-7900-gre       25.9    24.8
frostpunk-2                 4k     ultra-high              native         gpu-rtx-4070-super    25.1    23.3
frostpunk-2                 4k     ultra-high              native         gpu-rx-7800xt         23      22
frostpunk-2                 4k     ultra-high              native         gpu-rtx-4070          21.4    19.7
ghost-of-tsushima           1440p  sehr-hoch               native         gpu-rtx-5090          140.4   121.4
ghost-of-tsushima           1440p  sehr-hoch               native         gpu-rtx-4090          113.4   105.2
ghost-of-tsushima           1440p  sehr-hoch               native         gpu-rtx-5080          90.9    84.6
ghost-of-tsushima           1440p  sehr-hoch               native         gpu-rx-7900xtx        86.9    81.9
ghost-of-tsushima           1440p  sehr-hoch               native         gpu-rx-9070xt         86.9    82.6
ghost-of-tsushima           1440p  sehr-hoch               native         gpu-rtx-4080-super    84.4    78.8
ghost-of-tsushima           1440p  sehr-hoch               native         gpu-rtx-5070ti        81      75.4
ghost-of-tsushima           1440p  sehr-hoch               native         gpu-rx-9070           77.2    72.5
ghost-of-tsushima           1440p  sehr-hoch               native         gpu-rx-7900xt         74.4    69.1
ghost-of-tsushima           1440p  sehr-hoch               native         gpu-rtx-4070ti-super  74.2    69.8
ghost-of-tsushima           1440p  sehr-hoch               native         gpu-rtx-4070-super    63.2    58.9
ghost-of-tsushima           1440p  sehr-hoch               native         gpu-rtx-5070          61.7    56.8
ghost-of-tsushima           1440p  sehr-hoch               native         gpu-rx-6800-xt        57.9    54.2
ghost-of-tsushima           1440p  sehr-hoch               native         gpu-rx-7900-gre       57.9    54.5
ghost-of-tsushima           1440p  sehr-hoch               native         gpu-rtx-3080          57.6    53.6
ghost-of-tsushima           1440p  sehr-hoch               native         gpu-rx-7800xt         55.7    52.1
ghost-of-tsushima           1440p  sehr-hoch               native         gpu-rtx-4070          55.5    52.5
ghost-of-tsushima           1440p  sehr-hoch               native         gpu-intel-arc-b580    50.8    46.3
ghost-of-tsushima           1440p  sehr-hoch               native         gpu-rx-7700xt         46.7    44.7
ghost-of-tsushima           1440p  sehr-hoch               native         gpu-intel-arc-a770    42.1    39
ghost-of-tsushima           1440p  sehr-hoch               native         gpu-rtx-4060ti        40.2    37.4
ghost-of-tsushima           1440p  sehr-hoch               native         gpu-rtx-3060-ti       39.6    37.3
ghost-of-tsushima           1440p  sehr-hoch               native         gpu-rx-6700-xt        38.2    36.1
ghost-of-tsushima           1440p  sehr-hoch               native         gpu-rtx-4060          34.5    31.9
ghost-of-tsushima           1440p  sehr-hoch               native         gpu-rx-7600           29.6    26.4
ghost-of-tsushima           4k     sehr-hoch               native         gpu-rtx-5090          98.7    90
ghost-of-tsushima           4k     sehr-hoch               native         gpu-rtx-4090          76.9    72.2
ghost-of-tsushima           4k     sehr-hoch               native         gpu-rtx-5080          61.8    56.5
ghost-of-tsushima           4k     sehr-hoch               native         gpu-rx-7900xtx        57.1    53.4
ghost-of-tsushima           4k     sehr-hoch               native         gpu-rtx-4080-super    56.2    53
ghost-of-tsushima           4k     sehr-hoch               native         gpu-rx-9070xt         55.6    53
ghost-of-tsushima           4k     sehr-hoch               native         gpu-rtx-5070ti        53.1    49.4
ghost-of-tsushima           4k     sehr-hoch               native         gpu-rtx-4070ti-super  50      47.4
ghost-of-tsushima           4k     sehr-hoch               native         gpu-rx-9070           49.6    47.2
ghost-of-tsushima           4k     sehr-hoch               native         gpu-rx-7900xt         48.2    45.3
ghost-of-tsushima           4k     sehr-hoch               native         gpu-rtx-4070-super    40.7    38.5
ghost-of-tsushima           4k     sehr-hoch               native         gpu-rtx-5070          40.4    37.4
ghost-of-tsushima           4k     sehr-hoch               native         gpu-rx-7900-gre       37.3    35.1
ghost-of-tsushima           4k     sehr-hoch               native         gpu-rtx-4070          36.1    34.3
ghost-of-tsushima           4k     sehr-hoch               native         gpu-rx-7800xt         35      33.2
god-of-war-ragnarok         1440p  ultra                   native         gpu-rtx-5090          193.6   147.1
god-of-war-ragnarok         1440p  ultra                   native         gpu-rtx-4090          158.4   128
god-of-war-ragnarok         1440p  ultra                   native         gpu-rtx-5080          133.5   108.3
god-of-war-ragnarok         1440p  ultra                   native         gpu-rtx-4080-super    121.9   98.7
god-of-war-ragnarok         1440p  ultra                   native         gpu-rtx-5070ti        119.3   96.6
god-of-war-ragnarok         1440p  ultra                   native         gpu-rx-9070xt         112.7   93.4
god-of-war-ragnarok         1440p  ultra                   native         gpu-rx-7900xtx        109.1   88.8
god-of-war-ragnarok         1440p  ultra                   native         gpu-rtx-4070ti-super  103.9   85.2
god-of-war-ragnarok         1440p  ultra                   native         gpu-rx-9070           99.5    83.3
god-of-war-ragnarok         1440p  ultra                   native         gpu-rtx-5070          95.7    79.6
god-of-war-ragnarok         1440p  ultra                   native         gpu-rx-7900xt         95.4    77.5
god-of-war-ragnarok         1440p  ultra                   native         gpu-rtx-4070-super    85.3    71.7
god-of-war-ragnarok         1440p  ultra                   native         gpu-rtx-3080          81.5    67.9
god-of-war-ragnarok         1440p  ultra                   native         gpu-rtx-4070          76.8    63.7
god-of-war-ragnarok         1440p  ultra                   native         gpu-rx-7900-gre       76.5    63.5
god-of-war-ragnarok         1440p  ultra                   native         gpu-rx-7800xt         69.7    57.4
god-of-war-ragnarok         1440p  ultra                   native         gpu-rx-6800-xt        65.4    53.6
god-of-war-ragnarok         1440p  ultra                   native         gpu-rx-7700xt         58.8    47.8
god-of-war-ragnarok         1440p  ultra                   native         gpu-rtx-4060ti        56.8    48.2
god-of-war-ragnarok         1440p  ultra                   native         gpu-rtx-3060-ti       51.4    43.4
god-of-war-ragnarok         1440p  ultra                   native         gpu-rx-6700-xt        47.1    39.2
god-of-war-ragnarok         1440p  ultra                   native         gpu-rtx-4060          45.2    37.9
god-of-war-ragnarok         1440p  ultra                   native         gpu-intel-arc-b580    41.1    33.5
god-of-war-ragnarok         1440p  ultra                   native         gpu-rx-7600           39.9    33.6
god-of-war-ragnarok         1440p  ultra                   native         gpu-intel-arc-a770    38.8    33.5
god-of-war-ragnarok         4k     ultra                   native         gpu-rtx-5090          133     111.7
god-of-war-ragnarok         4k     ultra                   native         gpu-rtx-4090          103.2   88.4
god-of-war-ragnarok         4k     ultra                   native         gpu-rtx-5080          91.1    76.3
god-of-war-ragnarok         4k     ultra                   native         gpu-rtx-4080-super    75.9    66.3
god-of-war-ragnarok         4k     ultra                   native         gpu-rtx-5070ti        75.1    64.2
god-of-war-ragnarok         4k     ultra                   native         gpu-rx-9070xt         70.5    61.5
god-of-war-ragnarok         4k     ultra                   native         gpu-rx-7900xtx        67.4    59.2
god-of-war-ragnarok         4k     ultra                   native         gpu-rtx-4070ti-super  63.9    55.3
god-of-war-ragnarok         4k     ultra                   native         gpu-rx-9070           62.2    54.7
god-of-war-ragnarok         4k     ultra                   native         gpu-rtx-5070          60.2    52.4
god-of-war-ragnarok         4k     ultra                   native         gpu-rx-7900xt         57.6    50
god-of-war-ragnarok         4k     ultra                   native         gpu-rtx-4070-super    56      48.4
god-of-war-ragnarok         4k     ultra                   native         gpu-rtx-4070          47.1    40.4
god-of-war-ragnarok         4k     ultra                   native         gpu-rx-7900-gre       47      41.2
god-of-war-ragnarok         4k     ultra                   native         gpu-rx-7800xt         43.4    37.7
hellblade-2                 1440p  hoch                    quality        gpu-rtx-5090          124.2   91.8
hellblade-2                 1440p  hoch                    quality        gpu-rtx-4090          112.8   85.4
hellblade-2                 1440p  hoch                    quality        gpu-rtx-5080          98.9    73.2
hellblade-2                 1440p  hoch                    quality        gpu-rx-9070xt         96.6    75.5
hellblade-2                 1440p  hoch                    quality        gpu-rx-7900xtx        92.9    73.7
hellblade-2                 1440p  hoch                    quality        gpu-rtx-4080-super    91.3    67.5
hellblade-2                 1440p  hoch                    quality        gpu-rtx-5070ti        89.8    67.6
hellblade-2                 1440p  hoch                    quality        gpu-rx-9070           84.8    66.1
hellblade-2                 1440p  hoch                    quality        gpu-rx-7900xt         83.9    66
hellblade-2                 1440p  hoch                    quality        gpu-rtx-4070ti-super  82.5    61
hellblade-2                 1440p  hoch                    quality        gpu-rtx-4070-super    72      53.4
hellblade-2                 1440p  hoch                    quality        gpu-rx-7900-gre       70.7    56.9
hellblade-2                 1440p  hoch                    quality        gpu-rtx-5070          70.6    51.5
hellblade-2                 1440p  hoch                    quality        gpu-rtx-3080          65.3    49.3
hellblade-2                 1440p  hoch                    quality        gpu-rx-7800xt         65.3    52.3
hellblade-2                 1440p  hoch                    quality        gpu-rx-6800-xt        63.3    50.3
hellblade-2                 1440p  hoch                    quality        gpu-rtx-4070          61.2    46
hellblade-2                 1440p  hoch                    quality        gpu-rx-7700xt         59.2    46.7
hellblade-2                 1440p  hoch                    quality        gpu-rtx-4060ti        48.1    36.7
hellblade-2                 1440p  hoch                    quality        gpu-rx-6700-xt        43.8    34.8
hellblade-2                 1440p  hoch                    quality        gpu-rtx-3060-ti       42.4    31.6
hellblade-2                 1440p  hoch                    quality        gpu-intel-arc-b580    40      32.1
hellblade-2                 1440p  hoch                    quality        gpu-rx-7600           39.2    31.5
hellblade-2                 1440p  hoch                    quality        gpu-rtx-4060          39      29.2
hellblade-2                 1440p  hoch                    quality        gpu-intel-arc-a770    35.3    29.4
hellblade-2                 4k     hoch                    quality        gpu-rtx-5090          93.3    72.1
hellblade-2                 4k     hoch                    quality        gpu-rtx-4090          79.6    59.9
hellblade-2                 4k     hoch                    quality        gpu-rtx-5080          65.2    50
hellblade-2                 4k     hoch                    quality        gpu-rx-9070xt         62.8    50.1
hellblade-2                 4k     hoch                    quality        gpu-rx-7900xtx        61.9    49.9
hellblade-2                 4k     hoch                    quality        gpu-rtx-4080-super    60      46.7
hellblade-2                 4k     hoch                    quality        gpu-rtx-5070ti        59.7    45.5
hellblade-2                 4k     hoch                    quality        gpu-rx-9070           54.4    42.8
hellblade-2                 4k     hoch                    quality        gpu-rtx-4070ti-super  53.6    41.1
hellblade-2                 4k     hoch                    quality        gpu-rx-7900xt         52.7    42.4
hellblade-2                 4k     hoch                    quality        gpu-rtx-5070          46.9    36.4
hellblade-2                 4k     hoch                    quality        gpu-rx-7900-gre       45.9    36.7
hellblade-2                 4k     hoch                    quality        gpu-rtx-4070-super    45.8    35.5
hellblade-2                 4k     hoch                    quality        gpu-rx-7800xt         41      33.2
hellblade-2                 4k     hoch                    quality        gpu-rtx-4070          38.6    29.8
horizon-forbidden-west      1440p  sehr-hoch               native         gpu-rtx-5090          155.6   105.8
horizon-forbidden-west      1440p  sehr-hoch               native         gpu-rtx-4090          135.8   104.2
horizon-forbidden-west      1440p  sehr-hoch               native         gpu-rtx-5080          117.3   95.1
horizon-forbidden-west      1440p  sehr-hoch               native         gpu-rx-9070xt         110.7   93.4
horizon-forbidden-west      1440p  sehr-hoch               native         gpu-rtx-4080-super    107.5   90.7
horizon-forbidden-west      1440p  sehr-hoch               native         gpu-rx-7900xtx        105.6   95
horizon-forbidden-west      1440p  sehr-hoch               native         gpu-rtx-5070ti        104.1   88.3
horizon-forbidden-west      1440p  sehr-hoch               native         gpu-rx-9070           99.2    87.4
horizon-forbidden-west      1440p  sehr-hoch               native         gpu-rtx-4070ti-super  96.7    83.2
horizon-forbidden-west      1440p  sehr-hoch               native         gpu-rx-7900xt         90.8    80.2
horizon-forbidden-west      1440p  sehr-hoch               native         gpu-rtx-5070          86.3    75.7
horizon-forbidden-west      1440p  sehr-hoch               native         gpu-rtx-4070-super    83      74.5
horizon-forbidden-west      1440p  sehr-hoch               native         gpu-rtx-4070          73.5    67.9
horizon-forbidden-west      1440p  sehr-hoch               native         gpu-rx-7900-gre       72      67.4
horizon-forbidden-west      1440p  sehr-hoch               native         gpu-rtx-3080          71.7    65.7
horizon-forbidden-west      1440p  sehr-hoch               native         gpu-rx-6800-xt        71.6    66.5
horizon-forbidden-west      1440p  sehr-hoch               native         gpu-rx-7800xt         68.6    62.6
horizon-forbidden-west      1440p  sehr-hoch               native         gpu-rx-7700xt         58.5    54
horizon-forbidden-west      1440p  sehr-hoch               native         gpu-rtx-4060ti        54.2    49.7
horizon-forbidden-west      1440p  sehr-hoch               native         gpu-rx-6700-xt        51.8    47.8
horizon-forbidden-west      1440p  sehr-hoch               native         gpu-rtx-3060-ti       50.3    45.3
horizon-forbidden-west      1440p  sehr-hoch               native         gpu-intel-arc-b580    48.3    42.8
horizon-forbidden-west      1440p  sehr-hoch               native         gpu-intel-arc-a770    40.4    35.8
horizon-forbidden-west      1440p  sehr-hoch               native         gpu-rtx-4060          36.5    32.9
horizon-forbidden-west      1440p  sehr-hoch               native         gpu-rx-7600           30.3    28
horizon-forbidden-west      4k     sehr-hoch               native         gpu-rtx-5090          110.4   89.5
horizon-forbidden-west      4k     sehr-hoch               native         gpu-rtx-4090          90      77.9
horizon-forbidden-west      4k     sehr-hoch               native         gpu-rtx-5080          74.1    66.1
horizon-forbidden-west      4k     sehr-hoch               native         gpu-rtx-4080-super    67.5    61.9
horizon-forbidden-west      4k     sehr-hoch               native         gpu-rx-9070xt         66.6    62.5
horizon-forbidden-west      4k     sehr-hoch               native         gpu-rtx-5070ti        65.2    58.3
horizon-forbidden-west      4k     sehr-hoch               native         gpu-rx-7900xtx        64.7    59
horizon-forbidden-west      4k     sehr-hoch               native         gpu-rx-9070           59.6    55.8
horizon-forbidden-west      4k     sehr-hoch               native         gpu-rtx-4070ti-super  59.4    53.5
horizon-forbidden-west      4k     sehr-hoch               native         gpu-rx-7900xt         54.5    50.3
horizon-forbidden-west      4k     sehr-hoch               native         gpu-rtx-5070          51.5    45.8
horizon-forbidden-west      4k     sehr-hoch               native         gpu-rtx-4070-super    49.6    45.6
horizon-forbidden-west      4k     sehr-hoch               native         gpu-rtx-4070          43.2    39.6
horizon-forbidden-west      4k     sehr-hoch               native         gpu-rx-7900-gre       41.9    39
horizon-forbidden-west      4k     sehr-hoch               native         gpu-rx-7800xt         40.6    38
kingdom-come-deliverance-2  1440p  ultra                   quality        gpu-rtx-5090          177.5   137.4
kingdom-come-deliverance-2  1440p  ultra                   quality        gpu-rtx-4090          145.2   121.2
kingdom-come-deliverance-2  1440p  ultra                   quality        gpu-rtx-5080          131.9   116
kingdom-come-deliverance-2  1440p  ultra                   quality        gpu-rtx-5070ti        116     103.1
kingdom-come-deliverance-2  1440p  ultra                   quality        gpu-rtx-4080-super    115.8   105.7
kingdom-come-deliverance-2  1440p  ultra                   quality        gpu-rtx-4070ti-super  103.1   93.9
kingdom-come-deliverance-2  1440p  ultra                   quality        gpu-rtx-5070          98      87.4
kingdom-come-deliverance-2  1440p  ultra                   quality        gpu-rx-7900xtx        89.3    80.3
kingdom-come-deliverance-2  1440p  ultra                   quality        gpu-rtx-4070-super    88.8    80.5
kingdom-come-deliverance-2  1440p  ultra                   quality        gpu-rx-9070xt         88.6    79.7
kingdom-come-deliverance-2  1440p  ultra                   quality        gpu-rx-7900xt         82      73.9
kingdom-come-deliverance-2  1440p  ultra                   quality        gpu-rx-9070           81      73.3
kingdom-come-deliverance-2  1440p  ultra                   quality        gpu-rtx-3080          75.2    67.6
kingdom-come-deliverance-2  1440p  ultra                   quality        gpu-rtx-4070          75.2    67.1
kingdom-come-deliverance-2  1440p  ultra                   quality        gpu-rx-7900-gre       65.8    60.2
kingdom-come-deliverance-2  1440p  ultra                   quality        gpu-rx-7800xt         60.1    54.3
kingdom-come-deliverance-2  1440p  ultra                   quality        gpu-rtx-4060ti        57.1    50.6
kingdom-come-deliverance-2  1440p  ultra                   quality        gpu-rx-6800-xt        56.7    49.1
kingdom-come-deliverance-2  1440p  ultra                   quality        gpu-rtx-3060-ti       54.2    47
kingdom-come-deliverance-2  1440p  ultra                   quality        gpu-rx-7700xt         54.2    48.8
kingdom-come-deliverance-2  1440p  ultra                   quality        gpu-intel-arc-a770    47.3    42.5
kingdom-come-deliverance-2  1440p  ultra                   quality        gpu-rtx-4060          47      39.3
kingdom-come-deliverance-2  1440p  ultra                   quality        gpu-intel-arc-b580    46.9
kingdom-come-deliverance-2  1440p  ultra                   quality        gpu-rx-6700-xt        41.8    36.7
kingdom-come-deliverance-2  1440p  ultra                   quality        gpu-rx-7600           38.3    34.6
kingdom-come-deliverance-2  4k     ultra                   quality        gpu-rtx-5090          124.7   116.7
kingdom-come-deliverance-2  4k     ultra                   quality        gpu-rtx-4090          99      93.7
kingdom-come-deliverance-2  4k     ultra                   quality        gpu-rtx-5080          87.6    83.8
kingdom-come-deliverance-2  4k     ultra                   quality        gpu-rtx-4080-super    76.6    73
kingdom-come-deliverance-2  4k     ultra                   quality        gpu-rtx-5070ti        74.9    69.1
kingdom-come-deliverance-2  4k     ultra                   quality        gpu-rtx-4070ti-super  66.4    63.2
kingdom-come-deliverance-2  4k     ultra                   quality        gpu-rx-7900xtx        63.9    59.5
kingdom-come-deliverance-2  4k     ultra                   quality        gpu-rtx-5070          62.2    57.3
kingdom-come-deliverance-2  4k     ultra                   quality        gpu-rx-9070xt         60.7    57.1
kingdom-come-deliverance-2  4k     ultra                   quality        gpu-rx-7900xt         56.1    52.6
kingdom-come-deliverance-2  4k     ultra                   quality        gpu-rtx-4070-super    55.7    52.8
kingdom-come-deliverance-2  4k     ultra                   quality        gpu-rx-9070           54.2    51.8
kingdom-come-deliverance-2  4k     ultra                   quality        gpu-rtx-4070          47.1    44.3
kingdom-come-deliverance-2  4k     ultra                   quality        gpu-rx-7900-gre       46.5    43.8
kingdom-come-deliverance-2  4k     ultra                   quality        gpu-rx-7800xt         41.8    39
mechwarrior-5-clans         1440p  maximale-grafikdetails  native         gpu-rtx-5090          100.2   71.9
mechwarrior-5-clans         1440p  maximale-grafikdetails  native         gpu-rtx-4090          82      64
mechwarrior-5-clans         1440p  maximale-grafikdetails  native         gpu-rtx-5080          73.3    54.4
mechwarrior-5-clans         1440p  maximale-grafikdetails  native         gpu-rx-9070xt         67.7    51.1
mechwarrior-5-clans         1440p  maximale-grafikdetails  native         gpu-rtx-5070ti        67.3    50.4
mechwarrior-5-clans         1440p  maximale-grafikdetails  native         gpu-rx-7900xtx        66.6    51.6
mechwarrior-5-clans         1440p  maximale-grafikdetails  native         gpu-rtx-4080-super    66.3    52.9
mechwarrior-5-clans         1440p  maximale-grafikdetails  native         gpu-rx-9070           59.8    45.4
mechwarrior-5-clans         1440p  maximale-grafikdetails  native         gpu-rtx-4070ti-super  59.7    48.2
mechwarrior-5-clans         1440p  maximale-grafikdetails  native         gpu-rx-7900xt         58.8    45.3
mechwarrior-5-clans         1440p  maximale-grafikdetails  native         gpu-rtx-5070          53.4    41.9
mechwarrior-5-clans         1440p  maximale-grafikdetails  native         gpu-rtx-4070-super    51      41.8
mechwarrior-5-clans         1440p  maximale-grafikdetails  native         gpu-rx-7900-gre       45.7    37.4
mechwarrior-5-clans         1440p  maximale-grafikdetails  native         gpu-rx-7800xt         45.3    35.3
mechwarrior-5-clans         1440p  maximale-grafikdetails  native         gpu-rtx-3080          44.9    36.5
mechwarrior-5-clans         1440p  maximale-grafikdetails  native         gpu-rtx-4070          44.5    36
mechwarrior-5-clans         1440p  maximale-grafikdetails  native         gpu-rx-6800-xt        41.4    31.6
mechwarrior-5-clans         1440p  maximale-grafikdetails  native         gpu-rx-7700xt         37.4    29.7
mechwarrior-5-clans         1440p  maximale-grafikdetails  native         gpu-rtx-4060ti        32.7    24.6
mechwarrior-5-clans         1440p  maximale-grafikdetails  native         gpu-rtx-3060-ti       29.6    21.6
mechwarrior-5-clans         1440p  maximale-grafikdetails  native         gpu-rx-6700-xt        29      22
mechwarrior-5-clans         1440p  maximale-grafikdetails  native         gpu-intel-arc-b580    26.2    19.4
mechwarrior-5-clans         1440p  maximale-grafikdetails  native         gpu-rtx-4060          26.2    20.8
mechwarrior-5-clans         1440p  maximale-grafikdetails  native         gpu-intel-arc-a770    22.1    17.1
mechwarrior-5-clans         1440p  maximale-grafikdetails  native         gpu-rx-7600           17.7    12.7
mechwarrior-5-clans         4k     maximale-grafikdetails  native         gpu-rtx-5090          67.5    49.4
mechwarrior-5-clans         4k     maximale-grafikdetails  native         gpu-rtx-4090          52.8    44.2
mechwarrior-5-clans         4k     maximale-grafikdetails  native         gpu-rtx-5080          45.1    35.5
mechwarrior-5-clans         4k     maximale-grafikdetails  native         gpu-rtx-5070ti        40.3    32.5
mechwarrior-5-clans         4k     maximale-grafikdetails  native         gpu-rx-7900xtx        40.2    31.7
mechwarrior-5-clans         4k     maximale-grafikdetails  native         gpu-rtx-4080-super    39.8    33.3
mechwarrior-5-clans         4k     maximale-grafikdetails  native         gpu-rx-9070xt         39      29.3
mechwarrior-5-clans         4k     maximale-grafikdetails  native         gpu-rx-7900xt         34.9    27.8
mechwarrior-5-clans         4k     maximale-grafikdetails  native         gpu-rtx-4070ti-super  34.6    28.4
mechwarrior-5-clans         4k     maximale-grafikdetails  native         gpu-rx-9070           33.8    25.7
mechwarrior-5-clans         4k     maximale-grafikdetails  native         gpu-rtx-5070          29.8    24.2
mechwarrior-5-clans         4k     maximale-grafikdetails  native         gpu-rtx-4070-super    28.9    23.5
mechwarrior-5-clans         4k     maximale-grafikdetails  native         gpu-rx-7900-gre       28.2    23
mechwarrior-5-clans         4k     maximale-grafikdetails  native         gpu-rx-7800xt         26      20.2
mechwarrior-5-clans         4k     maximale-grafikdetails  native         gpu-rtx-4070          24.7    19
outcast-2                   1440p  ultra                   native         gpu-rtx-5090          189.6   151.6
outcast-2                   1440p  ultra                   native         gpu-rtx-4090          163     125.1
outcast-2                   1440p  ultra                   native         gpu-rtx-5080          148.9   108.1
outcast-2                   1440p  ultra                   native         gpu-rtx-5070ti        131     89.1
outcast-2                   1440p  ultra                   native         gpu-rtx-4080-super    125.1   100.1
outcast-2                   1440p  ultra                   native         gpu-rx-7900xtx        116.8   71
outcast-2                   1440p  ultra                   native         gpu-rtx-4070ti-super  106.4   76.5
outcast-2                   1440p  ultra                   native         gpu-rtx-5070          102.8   73.6
outcast-2                   1440p  ultra                   native         gpu-rx-7900xt         99.3    59.7
outcast-2                   1440p  ultra                   native         gpu-rx-9070xt         94.4    61.6
outcast-2                   1440p  ultra                   native         gpu-rtx-4070-super    90.5    61.4
outcast-2                   1440p  ultra                   native         gpu-rx-9070           84.5    54.3
outcast-2                   1440p  ultra                   native         gpu-rx-7900-gre       82.7    47.8
outcast-2                   1440p  ultra                   native         gpu-rtx-3080          81.3    58
outcast-2                   1440p  ultra                   native         gpu-rtx-4070          79      53.4
outcast-2                   1440p  ultra                   native         gpu-rx-6800-xt        77.2    44.9
outcast-2                   1440p  ultra                   native         gpu-rx-7800xt         73.2    40.5
outcast-2                   1440p  ultra                   native         gpu-rx-7700xt         61.5    34
outcast-2                   1440p  ultra                   native         gpu-rtx-4060ti        58.5    46
outcast-2                   1440p  ultra                   native         gpu-intel-arc-b580    55.6    31.3
outcast-2                   1440p  ultra                   native         gpu-rtx-3060-ti       55      43.8
outcast-2                   1440p  ultra                   native         gpu-rx-6700-xt        54.6    28.6
outcast-2                   1440p  ultra                   native         gpu-intel-arc-a770    49.7    30.9
outcast-2                   1440p  ultra                   native         gpu-rtx-4060          47.8    29.4
outcast-2                   1440p  ultra                   native         gpu-rx-7600           43.3    22.4
outcast-2                   4k     ultra                   native         gpu-rtx-5090          135.5   99.3
outcast-2                   4k     ultra                   native         gpu-rtx-4090          103.5   68.5
outcast-2                   4k     ultra                   native         gpu-rtx-5080          98.3    64.8
outcast-2                   4k     ultra                   native         gpu-rtx-5070ti        78.1    55.3
outcast-2                   4k     ultra                   native         gpu-rtx-4080-super    73.7    48.7
outcast-2                   4k     ultra                   native         gpu-rx-7900xtx        68.8    38.3
outcast-2                   4k     ultra                   native         gpu-rtx-4070ti-super  63.5    41.6
outcast-2                   4k     ultra                   native         gpu-rtx-5070          60.5    37.9
outcast-2                   4k     ultra                   native         gpu-rx-9070xt         57.5    32.2
outcast-2                   4k     ultra                   native         gpu-rx-7900xt         57.1    30.3
outcast-2                   4k     ultra                   native         gpu-rtx-4070-super    51.8    33.9
outcast-2                   4k     ultra                   native         gpu-rx-9070           50.3    28.2
outcast-2                   4k     ultra                   native         gpu-rx-7900-gre       49.1    26.8
outcast-2                   4k     ultra                   native         gpu-rtx-4070          43      29.1
outcast-2                   4k     ultra                   native         gpu-rx-7800xt         42.5    22.4
satisfactory                1440p  ultra                   native         gpu-rtx-5090          141.5   99.5
satisfactory                1440p  ultra                   native         gpu-rtx-4090          122.4   84.7
satisfactory                1440p  ultra                   native         gpu-rtx-5080          106     83
satisfactory                1440p  ultra                   native         gpu-rtx-4080-super    99.3    75.4
satisfactory                1440p  ultra                   native         gpu-rtx-5070ti        95.5    74
satisfactory                1440p  ultra                   native         gpu-rtx-4070ti-super  91.4    70.8
satisfactory                1440p  ultra                   native         gpu-rx-7900xtx        89.8    75.3
satisfactory                1440p  ultra                   native         gpu-rx-9070xt         81.6    68.3
satisfactory                1440p  ultra                   native         gpu-rx-7900xt         78.1    61.9
satisfactory                1440p  ultra                   native         gpu-rtx-4070-super    76.6    58.9
satisfactory                1440p  ultra                   native         gpu-rtx-5070          75      59.9
satisfactory                1440p  ultra                   native         gpu-rx-9070           72      61.4
satisfactory                1440p  ultra                   native         gpu-rtx-4070          67.8    54.2
satisfactory                1440p  ultra                   native         gpu-rtx-3080          65.6    51.3
satisfactory                1440p  ultra                   native         gpu-rx-7900-gre       65      52.8
satisfactory                1440p  ultra                   native         gpu-rx-7800xt         64.9    52.7
satisfactory                1440p  ultra                   native         gpu-rx-6800-xt        54.9    45.6
satisfactory                1440p  ultra                   native         gpu-rx-7700xt         54      45
satisfactory                1440p  ultra                   native         gpu-rtx-4060ti        50.5    41.7
satisfactory                1440p  ultra                   native         gpu-rtx-3060-ti       44      36.7
satisfactory                1440p  ultra                   native         gpu-rtx-4060          40.8    34.3
satisfactory                1440p  ultra                   native         gpu-intel-arc-b580    40.2    34.2
satisfactory                1440p  ultra                   native         gpu-rx-6700-xt        39      32.8
satisfactory                1440p  ultra                   native         gpu-intel-arc-a770    34.4    30.3
satisfactory                1440p  ultra                   native         gpu-rx-7600           33.6    29.6
satisfactory                4k     ultra                   native         gpu-rtx-5090          95.9    74.9
satisfactory                4k     ultra                   native         gpu-rtx-4090          77.5    60.6
satisfactory                4k     ultra                   native         gpu-rtx-5080          64.1    52.6
satisfactory                4k     ultra                   native         gpu-rtx-4080-super    59.2    47.9
satisfactory                4k     ultra                   native         gpu-rtx-5070ti        55.8    46
satisfactory                4k     ultra                   native         gpu-rtx-4070ti-super  51.1    42.1
satisfactory                4k     ultra                   native         gpu-rx-7900xtx        50.3    43.4
satisfactory                4k     ultra                   native         gpu-rx-9070xt         46      40.7
satisfactory                4k     ultra                   native         gpu-rtx-5070          43      36.3
satisfactory                4k     ultra                   native         gpu-rx-7900xt         43      37.1
satisfactory                4k     ultra                   native         gpu-rtx-4070-super    42.3    35.7
satisfactory                4k     ultra                   native         gpu-rx-9070           40.2    35.4
satisfactory                4k     ultra                   native         gpu-rx-7900-gre       35.7    30.8
satisfactory                4k     ultra                   native         gpu-rtx-4070          35.4    30.4
satisfactory                4k     ultra                   native         gpu-rx-7800xt         32.8    28.1
silent-hill-2               1440p  episch                  quality        gpu-rtx-5090          156.7   95.6
silent-hill-2               1440p  episch                  quality        gpu-rtx-4090          132.7   91.1
silent-hill-2               1440p  episch                  quality        gpu-rtx-5080          127.4   83.6
silent-hill-2               1440p  episch                  quality        gpu-rx-9070xt         117.7   82.5
silent-hill-2               1440p  episch                  quality        gpu-rtx-5070ti        116.7   80.4
silent-hill-2               1440p  episch                  quality        gpu-rtx-4080-super    114.3   79.5
silent-hill-2               1440p  episch                  quality        gpu-rx-7900xtx        113     81.1
silent-hill-2               1440p  episch                  quality        gpu-rx-9070           104.7   76
silent-hill-2               1440p  episch                  quality        gpu-rtx-4070ti-super  104.1   69.6
silent-hill-2               1440p  episch                  quality        gpu-rx-7900xt         102.5   67.5
silent-hill-2               1440p  episch                  quality        gpu-rtx-5070          94.6    60.7
silent-hill-2               1440p  episch                  quality        gpu-rtx-4070-super    90.3    63.6
silent-hill-2               1440p  episch                  quality        gpu-rx-7900-gre       83.9    62
silent-hill-2               1440p  episch                  quality        gpu-rx-7800xt         82.1    61.8
silent-hill-2               1440p  episch                  quality        gpu-rtx-4070          81      56.2
silent-hill-2               1440p  episch                  quality        gpu-rtx-3080          75.4    54.2
silent-hill-2               1440p  episch                  quality        gpu-rx-6800-xt        73.5    56
silent-hill-2               1440p  episch                  quality        gpu-rx-7700xt         68.4    51.6
silent-hill-2               1440p  episch                  quality        gpu-rtx-4060ti        63.6    43.2
silent-hill-2               1440p  episch                  quality        gpu-rtx-3060-ti       55.3    40
silent-hill-2               1440p  episch                  quality        gpu-rx-6700-xt        55.1    43.9
silent-hill-2               1440p  episch                  quality        gpu-rtx-4060          54.9    40.7
silent-hill-2               1440p  episch                  quality        gpu-rx-7600           49.5    34.4
silent-hill-2               1440p  episch                  quality        gpu-intel-arc-b580    46.2    31.9
silent-hill-2               1440p  episch                  quality        gpu-intel-arc-a770    41.6    29.2
silent-hill-2               4k     episch                  quality        gpu-rtx-5090          111.9   77.6
silent-hill-2               4k     episch                  quality        gpu-rtx-4090          91.4    62
silent-hill-2               4k     episch                  quality        gpu-rtx-5080          80.2    57.6
silent-hill-2               4k     episch                  quality        gpu-rtx-4080-super    73.7    52.6
silent-hill-2               4k     episch                  quality        gpu-rtx-5070ti        72.1    49.2
silent-hill-2               4k     episch                  quality        gpu-rx-7900xtx        69.8    54.5
silent-hill-2               4k     episch                  quality        gpu-rx-9070xt         68.1    52.3
silent-hill-2               4k     episch                  quality        gpu-rtx-4070ti-super  64.3    47.7
silent-hill-2               4k     episch                  quality        gpu-rx-7900xt         60.7    47.6
silent-hill-2               4k     episch                  quality        gpu-rx-9070           59.7    45.7
silent-hill-2               4k     episch                  quality        gpu-rtx-5070          57.5    43.5
silent-hill-2               4k     episch                  quality        gpu-rtx-4070-super    54.8    39.5
silent-hill-2               4k     episch                  quality        gpu-rx-7900-gre       51.4    41.4
silent-hill-2               4k     episch                  quality        gpu-rtx-4070          48      36.8
silent-hill-2               4k     episch                  quality        gpu-rx-7800xt         46.6    36.7
space-marine-2              1440p  ultra                   native         gpu-rtx-5090          157.7   137.7
space-marine-2              1440p  ultra                   native         gpu-rtx-4090          144.8   128.5
space-marine-2              1440p  ultra                   native         gpu-rtx-5080          112.6   97.2
space-marine-2              1440p  ultra                   native         gpu-rx-7900xtx        104.5   95.9
space-marine-2              1440p  ultra                   native         gpu-rtx-4080-super    104.1   90.1
space-marine-2              1440p  ultra                   native         gpu-rtx-5070ti        97.4    86.9
space-marine-2              1440p  ultra                   native         gpu-rtx-4070ti-super  89.1    79.4
space-marine-2              1440p  ultra                   native         gpu-rx-7900xt         88.9    80.5
space-marine-2              1440p  ultra                   native         gpu-rx-9070xt         81.6    73.7
space-marine-2              1440p  ultra                   native         gpu-rtx-5070          77.3    67.2
space-marine-2              1440p  ultra                   native         gpu-rx-7900-gre       74.7    68.4
space-marine-2              1440p  ultra                   native         gpu-rtx-4070-super    72.4    63.6
space-marine-2              1440p  ultra                   native         gpu-rx-9070           71      64
space-marine-2              1440p  ultra                   native         gpu-rx-7800xt         66.8    60.8
space-marine-2              1440p  ultra                   native         gpu-rtx-3080          65.2    57.5
space-marine-2              1440p  ultra                   native         gpu-rtx-4070          63.5    56.4
space-marine-2              1440p  ultra                   native         gpu-rx-6800-xt        60      53.6
space-marine-2              1440p  ultra                   native         gpu-rx-7700xt         56.4    51.9
space-marine-2              1440p  ultra                   native         gpu-rtx-4060ti        46.8    41
space-marine-2              1440p  ultra                   native         gpu-rx-6700-xt        41.6    37
space-marine-2              1440p  ultra                   native         gpu-rtx-3060-ti       40.8    35.9
space-marine-2              1440p  ultra                   native         gpu-intel-arc-b580    37      31.8
space-marine-2              1440p  ultra                   native         gpu-rx-7600           36.7    33.2
space-marine-2              1440p  ultra                   native         gpu-rtx-4060          34.4    29.7
space-marine-2              1440p  ultra                   native         gpu-intel-arc-a770    32.3    28.5
space-marine-2              4k     ultra                   native         gpu-rtx-5090          103.3   93.8
space-marine-2              4k     ultra                   native         gpu-rtx-4090          76.5    68.1
space-marine-2              4k     ultra                   native         gpu-rtx-5080          62.7    53.9
space-marine-2              4k     ultra                   native         gpu-rx-7900xtx        55.4    50.3
space-marine-2              4k     ultra                   native         gpu-rtx-5070ti        53.8    45.6
space-marine-2              4k     ultra                   native         gpu-rtx-4080-super    51.8    45.5
space-marine-2              4k     ultra                   native         gpu-rx-7900xt         46.8    42.8
space-marine-2              4k     ultra                   native         gpu-rx-9070xt         45.4    40.9
space-marine-2              4k     ultra                   native         gpu-rtx-4070ti-super  44.6    39.6
space-marine-2              4k     ultra                   native         gpu-rx-7900-gre       40      36.7
space-marine-2              4k     ultra                   native         gpu-rtx-5070          39.2    32.4
space-marine-2              4k     ultra                   native         gpu-rx-9070           38.4    34.7
space-marine-2              4k     ultra                   native         gpu-rtx-4070-super    35.7    27.6
space-marine-2              4k     ultra                   native         gpu-rx-7800xt         33.4    30.2
space-marine-2              4k     ultra                   native         gpu-rtx-4070          31.2    27.5
spider-man-2                1440p  sehr-hoch               native         gpu-rtx-5090          149.6   94.2
spider-man-2                1440p  sehr-hoch               native         gpu-rtx-4090          132.2   87.1
spider-man-2                1440p  sehr-hoch               native         gpu-rtx-5080          109.9   97
spider-man-2                1440p  sehr-hoch               native         gpu-rtx-4080-super    106.5   74.8
spider-man-2                1440p  sehr-hoch               native         gpu-rtx-5070ti        103     69.9
spider-man-2                1440p  sehr-hoch               native         gpu-rtx-4070ti-super  91.9    66.4
spider-man-2                1440p  sehr-hoch               native         gpu-rx-7900xtx        87.8    68.7
spider-man-2                1440p  sehr-hoch               native         gpu-rx-9070xt         86.6    70.1
spider-man-2                1440p  sehr-hoch               native         gpu-rx-7900xt         77.6    59.7
spider-man-2                1440p  sehr-hoch               native         gpu-rx-9070           76.8    62.4
spider-man-2                1440p  sehr-hoch               native         gpu-rtx-4070-super    71.5    50.7
spider-man-2                1440p  sehr-hoch               native         gpu-rtx-5070          71      51.5
spider-man-2                1440p  sehr-hoch               native         gpu-rx-7900-gre       64.9    43.6
spider-man-2                1440p  sehr-hoch               native         gpu-rtx-4070          62.5    41.8
spider-man-2                1440p  sehr-hoch               native         gpu-rx-7800xt         57.5    37.4
spider-man-2                1440p  sehr-hoch               native         gpu-rx-6800-xt        56.4    36.8
spider-man-2                1440p  sehr-hoch               native         gpu-rx-7700xt         48.1    28.9
spider-man-2                1440p  sehr-hoch               native         gpu-intel-arc-a770    41.3    25.7
spider-man-2                1440p  sehr-hoch               native         gpu-rtx-4060ti        40      22.5
spider-man-2                1440p  sehr-hoch               native         gpu-rx-6700-xt        36.8    20.8
spider-man-2                1440p  sehr-hoch               native         gpu-rtx-3060-ti       36.7    21.2
spider-man-2                1440p  sehr-hoch               native         gpu-rtx-4060          32.8    18.2
spider-man-2                1440p  sehr-hoch               native         gpu-intel-arc-b580    22.6    11.9
spider-man-2                1440p  sehr-hoch               native         gpu-rx-7600           19.3    9.5
spider-man-2                4k     sehr-hoch               native         gpu-rtx-5090          101.1   69.9
spider-man-2                4k     sehr-hoch               native         gpu-rtx-4090          82.8    58.5
spider-man-2                4k     sehr-hoch               native         gpu-rtx-5080          70.5    52.1
spider-man-2                4k     sehr-hoch               native         gpu-rtx-5070ti        64      45
spider-man-2                4k     sehr-hoch               native         gpu-rtx-4080-super    62.5    41.8
spider-man-2                4k     sehr-hoch               native         gpu-rx-7900xtx        58.5    38.3
spider-man-2                4k     sehr-hoch               native         gpu-rx-9070xt         55.2    35
spider-man-2                4k     sehr-hoch               native         gpu-rtx-4070ti-super  54.4    34.6
spider-man-2                4k     sehr-hoch               native         gpu-rx-7900xt         50      30.7
spider-man-2                4k     sehr-hoch               native         gpu-rx-9070           48.2    28.7
spider-man-2                4k     sehr-hoch               native         gpu-rtx-5070          46.4    28
spider-man-2                4k     sehr-hoch               native         gpu-rtx-4070-super    43.7    25.7
spider-man-2                4k     sehr-hoch               native         gpu-rx-7900-gre       41.8    24.5
spider-man-2                4k     sehr-hoch               native         gpu-rtx-4070          38.1    22
spider-man-2                4k     sehr-hoch               native         gpu-rx-7800xt         36.5    21
stalker-2                   1440p  epic                    native         gpu-rtx-5090          122.3   86.6
stalker-2                   1440p  epic                    native         gpu-rtx-4090          109.8   86.1
stalker-2                   1440p  epic                    native         gpu-rtx-5080          96      74.5
stalker-2                   1440p  epic                    native         gpu-rtx-4080-super    88.2    68.5
stalker-2                   1440p  epic                    native         gpu-rtx-5070ti        86.3    65.5
stalker-2                   1440p  epic                    native         gpu-rtx-4070ti-super  79.7    65.3
stalker-2                   1440p  epic                    native         gpu-rx-7900xtx        78.2    64.9
stalker-2                   1440p  epic                    native         gpu-rx-9070xt         75.1    64.8
stalker-2                   1440p  epic                    native         gpu-rtx-5070          72.6    52.3
stalker-2                   1440p  epic                    native         gpu-rtx-4070-super    70.2    55.9
stalker-2                   1440p  epic                    native         gpu-rx-7900xt         69.9    59.1
stalker-2                   1440p  epic                    native         gpu-rx-9070           67.9    59.3
stalker-2                   1440p  epic                    native         gpu-rtx-4070          62      50.1
stalker-2                   1440p  epic                    native         gpu-rtx-3080          61.4    48.9
stalker-2                   1440p  epic                    native         gpu-rx-7900-gre       55      46.8
stalker-2                   1440p  epic                    native         gpu-rx-7800xt         52.7    44.8
stalker-2                   1440p  epic                    native         gpu-rx-6800-xt        50.1    42.8
stalker-2                   1440p  epic                    native         gpu-rtx-4060ti        46.2    37.4
stalker-2                   1440p  epic                    native         gpu-rx-7700xt         44      37.5
stalker-2                   1440p  epic                    native         gpu-rtx-3060-ti       43.6    35.8
stalker-2                   1440p  epic                    native         gpu-rtx-4060          38.6    31.8
stalker-2                   1440p  epic                    native         gpu-intel-arc-b580    37.9    31.7
stalker-2                   1440p  epic                    native         gpu-rx-6700-xt        36.5    31.1
stalker-2                   1440p  epic                    native         gpu-intel-arc-a770    31.1    27
stalker-2                   1440p  epic                    native         gpu-rx-7600           29.5    24.3
stalker-2                   4k     epic                    native         gpu-rtx-5090          83.4    63.8
stalker-2                   4k     epic                    native         gpu-rtx-4090          68.8    55.1
stalker-2                   4k     epic                    native         gpu-rtx-5080          58.9    48
stalker-2                   4k     epic                    native         gpu-rtx-5070ti        54.4    45.3
stalker-2                   4k     epic                    native         gpu-rtx-4080-super    52.2    44.1
stalker-2                   4k     epic                    native         gpu-rtx-4070ti-super  47      39.4
stalker-2                   4k     epic                    native         gpu-rx-7900xtx        46      40.6
stalker-2                   4k     epic                    native         gpu-rx-9070xt         43.5    38.9
stalker-2                   4k     epic                    native         gpu-rtx-5070          42.9    36.7
stalker-2                   4k     epic                    native         gpu-rx-7900xt         39.9    35.4
stalker-2                   4k     epic                    native         gpu-rtx-4070-super    39.2    33.9
stalker-2                   4k     epic                    native         gpu-rx-9070           39.2    35.4
stalker-2                   4k     epic                    native         gpu-rtx-4070          34      29.4
stalker-2                   4k     epic                    native         gpu-rx-7900-gre       32      28.5
stalker-2                   4k     epic                    native         gpu-rx-7800xt         29.6    26
